id,first_name,last_name,email,ip_address
1,Ozzie,Everington,oeverington0@marketwatch.com,50.218.126.57
2,Sharlene,Bearsmore,sbearsmore1@shinystat.com,117.146.130.90
3,Yolanda,Adamou,yadamou2@ow.ly,241.32.63.240
4,Myranda,Kloser,mkloser3@parallels.com,74.193.226.83
5,Winonah,Sandeford,wsandeford4@timesonline.co.uk,239.251.207.237
6,Ivory,Wingatt,iwingatt5@com.com,116.87.10.137
7,Egor,De Beauchamp,edebeauchamp6@wufoo.com,151.131.138.28
8,Jobie,Pashler,jpashler7@sun.com,188.154.228.79
9,Charity,Libby,clibby8@edublogs.org,47.216.160.225
10,Sadye,Poacher,spoacher9@nhs.uk,29.57.154.142
